標題,鏈結
 【課程資訊】1151110國立清華大學舉辦研究倫理教育訓練(線上課程),/admin/rd/index.php/tw/news-tw/9040-ke-cheng-zi-xun-1151110guo-li-qing-hua-da-xue-ju-ban-yan-jiu-lun-li-jiao-yu-xun-lian-xian-shang-ke-cheng
 【公告Announcement】1151期中考試資訊&衝堂考登記公告 ,/admin/aa/index.php/tw/news-tw/2342-gong-gaoannouncement-1151qi-zhong-kao-shi-zi-xun-chong-tang-kao-deng-ji-gong-gao
 115/10/04校園病媒蚊防治作業 YZU disease vector control and disinfection will be implemented on 2026/10/04 (Sun.),/admin/ga/index.php/tw/news-tw/370-ga20261002154001-disease-vector-control-and-disinfection
 【宿服組公告】115學年學生宿舍第四次候補（人工登記）錄取名單公告,/admin/st/index.php/tw/news-tw/7108-shss202609290919001
 【元智大學115年度畢業生流向問卷調查公告】,/alumni/index.php/tw/news-tw/1360-20260922
 【宿服組公告】115學年學生宿舍第四次候補（人工登記）作業-僅限本國籍女同學登記申請,/admin/st/index.php/tw/news-tw/7097-shss202609220941001
 【轉知】教育部函，有關本部委託財團法人金屬工業研究發展中心於115年10月16日(星期五)辦理「教職員職涯交流活動」，轉知教職員踴躍參,/admin/ho/index.php/tw/news-tw/1104-jiao-yu-bu-han-you-guan-ben-bu-wei-tuo-cai-tuan-fa-ren-jin-shu-gong-ye-yan-jiu-fa-zhan-zhong-xin-yu115nian10yue16ri-xing-qi-wu-ban-li-jiao-zhi-yuan-zhi-ya-jiao-liu-huo-dong-zhuan-zhi-jiao-zhi-yuan-yong-yue-can
 【1151選課學分數不合規定學生名單公告】請於115/09/15~115/09/21（一）中午12：00前辦理相關事宜，逾期未辦理，修課學分不足者依學則規定勒令休學。,/admin/aa/index.php/tw/news-tw/2323-1151xuan-ke-xue-fen-shu-bu-he-gui-ding-xue-sheng-ming-dan-gong-gao-qing-yu115-09-15-115-09-21-yi-zhong-wu12-00qian-ban-li-xiang-guan-shi-yi-yu-qi-wei-ban-li-xiu-ke-xue-fen-bu-zu-zhe-yi-xue-ze-gui-ding-lei-ling-xiu-xue
 【宿服組公告】115學年學生宿舍第三次候補（人工登記）錄取名單公告-1150909,/admin/st/index.php/tw/news-tw/7068-shss202609090721001
 【宿服組公告】115學年學生宿舍第三次候補（人工登記）錄取名單公告-1150907,/admin/st/index.php/tw/news-tw/7059-shss202609071552001
 轉知南投縣政府稅務局訊息：115 年度結合統一發票推行辦理「 AI 玩創意 發揮你的想像力 」 徵件比賽活動Notification of 2026 Taxation Card Creation Contest Event by Tax BureauNantou County,/admin/bo/index.php/tw/news-tw/179-zhuan-zhi-nan-tou-xian-zheng-fu-shui-wu-ju-xun-xi-115-nian-du-jie-he-tong-yi-fa-piao-tui-xing-ban-li-ai-wan-chuang-yi-fa-hui-ni-de-xiang-xiang-li-zheng-jian-bi-sai-huo-dongnotification-of-2026-taxation-card-creation-contest-event-by-tax-bureaunantou-county
 【校友活動】20260829 元智校友攜手公益　用行動為孩子打造難忘夏日,/alumni/index.php/tw/news-tw/1357-20260829
 【選課訊息】1151學期選課擋修名單公告！受擋修限制的同學需於115/09/08(二) 中午12:00前自行確認刪除。,/admin/aa/index.php/tw/news-tw/2309-xuan-ke-xun-xi-1151xue-qi-xuan-ke-dang-xiu-ming-dan-gong-gao-shou-dang-xiu-xian-zhi-de-tong-xue-xu-yu115-09-08-er-zhong-wu12-00qian-zi-xing-que-ren-shan-chu
 【通知 Notice】1151學期公用教室借用申請注意事項,/admin/aa/index.php/tw/news-tw/2306-tong-zhi-notice-1151xue-qi-gong-yong-jiao-shi-jie-yong-shen-qing-zhu-yi-shi-xiang
 【宿服組公告】115學年學生宿舍第三次候補（人工登記）錄取名單公告,/admin/st/index.php/tw/news-tw/7024-shss202608311252001
 1151學期第三階段選課注意事項及課程異動公告【 加開 / 停開 / 教師異動 / 時段異動 】  ,/admin/aa/index.php/tw/news-tw/2297-1151xue-qi-di-san-jie-duan-xuan-ke-zhu-yi-shi-xiang-ji-ke-cheng-yi-dong-gong-gao-jia-kai-ting-kai-jiao-shi-yi-dong-shi-duan-yi-dong
